route_id,distance_km,hour_of_day,day_of_week,is_peak_hour,weather,traffic_level,previous_delay_min,arrival_delay_min
1,5.716607253303087,11,5,0,1,1,3.8500256034717038,1.8130840201058867
3,3.545760089086604,14,0,0,0,1,3.9645206002911793,4.599542354502564
2,8.290388547664898,9,2,1,1,2,3.093026340429483,9.901383177400326
2,7.971608402803654,20,0,0,2,2,2.1279554227377093,4.5305153927593445
2,7.914796209417898,17,3,1,0,2,2.2531140673009697,6.847968513296262
3,3.1102588016372903,18,1,1,2,3,7.212012583005572,11.931969751920128
1,5.215150679478777,9,2,1,2,3,4.342160259333245,10.2121221542604
3,3.074231405407116,17,3,1,2,3,4.157325450708601,6.564308100542084
1,5.332792618156715,19,2,1,1,2,4.957185727329929,6.628757986731323
1,5.542643502222955,9,2,1,1,2,1.9234018093667011,1.8199709285545111
2,8.183265703618614,18,5,1,1,2,2.9244899311029386,5.083952496208223
3,3.356875633222154,12,5,0,1,1,0.0,-0.08024811560665768
3,3.726982789654348,18,0,1,0,2,4.408380690246334,7.589099518934397
3,3.3456634722267937,14,2,0,2,2,5.881733878363738,7.345438852623314
3,3.9677735627325745,19,5,1,1,2,4.442450745599584,2.6086633361456
3,2.5842969578924384,9,3,1,1,2,5.92359833509461,7.172213043401885
2,7.832196315940677,12,1,0,0,1,0.0,2.0127809552394993
1,4.004594002438001,11,4,0,0,1,0.4726485640564014,4.8914978557605995
3,2.7524695848863976,10,1,1,1,2,1.1136801512612209,-1.0785806615214542
2,8.681931114906956,11,0,0,1,1,0.0,0.6306840355731573
2,8.447592490985842,12,4,0,0,1,1.5444229547050097,-1.2274542198031106
2,7.640259883357605,8,3,1,0,2,3.203641226206597,8.356709040988534
1,4.248748271979552,17,5,1,0,2,0.1747179547975568,0.10208140429469914
3,2.017735581079174,15,2,0,1,1,0.0,-1.3492964363646474
3,3.2282522460336827,19,5,1,0,2,0.23767213701845247,0.3996837994126512
2,9.210207506123702,17,2,1,2,3,5.982905179879181,19.987180045446166
2,8.217442135731824,9,5,1,0,2,7.1277890713133365,9.204632040788912
3,3.2202138569752554,8,0,1,0,2,5.724916488000426,8.705616344722113
2,8.232540104750154,13,0,0,0,1,0.0,-0.011535092365566157
2,7.219520823502778,14,5,0,1,1,2.842151876139568,-0.5141384329798484
2,7.851338318651182,10,5,1,0,2,4.872800834029294,10.112020857881294
1,5.049738736507869,18,6,1,1,2,0.0,2.0327955493125724
1,4.956949674089476,15,2,0,2,2,1.393596766579005,7.787092740966989
2,8.395403060845041,18,0,1,0,2,5.1910448229916195,5.023061123107137
3,3.672322613118026,8,6,1,1,2,4.10086702186957,1.8056050358225129
1,5.334163009053999,19,4,1,0,2,0.38180989522402875,2.4021612583624403
3,3.1558138588846205,10,1,1,0,2,4.221484311592389,8.042459064033626
3,3.948907704205274,13,5,0,0,1,0.0,0.3218842732321008
1,5.814468473811996,13,6,0,0,1,0.0,-0.39933959834571375
2,7.514925240174294,19,1,1,1,2,5.275913538800097,7.703992956181509
1,4.5561521721427205,11,5,0,1,1,0.03678843114263967,3.5512328318215776
3,4.167892168160116,10,5,1,1,2,2.002124900076108,1.7849127837275773
3,3.4043280066524697,12,3,0,1,1,1.7786925075446984,0.0682696607110671
2,8.701910696033279,12,4,0,1,1,1.949503630173163,3.360388938826553
1,4.778732144053908,9,1,1,0,2,5.6200793857339,3.654513176280439
3,4.227522788135356,9,6,1,0,2,4.748684856892774,9.65099902709637
2,8.065742908402726,10,6,1,0,2,5.162749587874293,8.096746234474818
3,3.6291144116613476,14,6,0,1,1,1.4658171148750692,3.0410594194668725
3,4.282359010834952,12,5,0,2,2,2.531057298232944,7.100699336266668
3,3.3191147612779144,12,0,0,0,1,0.17901799952762817,-0.20733444507514687
3,3.0294389520375207,17,2,1,1,2,2.525480561805196,0.7931135357986303
1,4.775717895985823,10,3,1,1,2,0.5752634138805486,2.423980359768189
2,8.226166975321568,20,6,0,2,2,0.0893769823603825,4.702340361713851
2,7.217120463909743,18,3,1,1,2,2.4359710361295805,5.556986947002436
2,8.31873545132556,9,3,1,1,2,3.4829043192048585,7.686360843374409
1,4.730614341191129,11,1,0,1,1,2.8816251960085264,5.195992245195816
2,8.573906330366782,9,5,1,2,3,4.916405544248975,19.064326051873543
1,3.802869847549764,11,2,0,0,1,2.006952581755328,4.149339661149767
3,3.1067171124479156,12,0,0,2,2,4.158631312864241,6.842404939813671
3,2.656765924382949,8,6,1,0,2,2.537106404622418,2.5946178020277504
3,3.0868852668180238,7,1,0,2,2,3.189380422740368,6.574165278934743
3,3.6238329505544717,13,0,0,0,1,0.0,-0.7729457454338178
2,7.910386687275123,17,0,1,0,2,5.644271788156954,10.097414147014117
3,3.3733112155259923,11,3,0,0,1,1.2716866765318644,-1.2926611716555634
2,7.920407564309969,19,0,1,0,2,0.6190324906232894,1.9468835918159328
1,5.101694120309972,12,5,0,0,1,0.32304930430769346,1.6524300235504672
3,2.995731979028446,20,3,0,0,1,3.2962243236477593,5.415368760514513
2,8.353424820449526,10,2,1,0,2,2.6375379309065976,3.445990619861309
1,5.331332985192742,15,0,0,0,1,0.8954300601901363,2.2121413597533
2,8.19251896882805,18,3,1,1,2,4.0917576754782905,5.78782839538184
3,3.7782667213756316,7,1,0,2,2,0.0,3.055623729501125
1,5.1482090004043295,20,6,0,1,1,1.0214158984270278,3.549637797485408
2,9.017536651365534,12,2,0,0,1,0.0,1.6149744680458973
1,4.956452914473745,14,3,0,0,1,0.0,1.5917439760443859
3,3.3464583908327117,16,0,0,2,2,4.151445934988384,9.86828580671161
2,7.623236209821311,16,0,0,0,1,0.713512580616716,-0.7951863736377014
1,4.483868664711082,7,1,0,0,1,0.0,-1.9717499499850923
1,4.3777641061994625,20,0,0,2,2,2.8929220424903748,5.4051570149052015
2,7.555601343384541,16,5,0,2,2,1.879815504489737,7.31569026246423
3,3.4646598091739644,21,6,0,0,1,0.025157004703666497,-4.680680845653503
3,3.6671475642488573,14,6,0,1,1,1.3136370534402753,0.3424419101277927
2,8.025571029276081,16,1,0,0,1,0.0,-1.0891414637898222
1,4.617232361285144,13,5,0,1,1,0.08067281110938139,1.655825871338367
3,3.9500922820099817,20,3,0,0,1,0.0,0.704838758020081
2,8.369706336150474,19,0,1,0,2,0.0,2.3434235456544705
3,3.4201758462889913,20,0,0,1,1,0.0,1.1799216907258074
1,4.673541927667644,14,3,0,0,1,3.1364128941276643,3.6139555685856415
1,5.2742139604149,18,2,1,1,2,3.769446629170468,3.7614013128078163
3,3.5939867937430523,12,0,0,0,1,0.0,-0.9860485107648369
3,2.7759363702924764,13,6,0,2,2,0.0,-2.229977277961984
2,7.966009872007797,18,5,1,2,3,4.775672199778832,15.120089454658984
3,3.6310179060371905,8,3,1,0,2,6.1223730663529645,3.341369064958508
3,3.0501526067561233,17,6,1,1,2,2.626483730391295,3.379175505728657
2,8.094921696418721,7,6,0,0,1,2.613999106808032,0.6783419107056261
3,2.772588757371105,15,6,0,0,1,0.7038615416373148,-0.5883314903417354
1,5.668093050006085,14,1,0,0,1,0.9425009156917873,-1.8336536066130549
1,5.623974992529716,14,6,0,2,2,0.0,4.841407791086313
3,3.3737413328485175,14,3,0,2,2,3.875045843499515,5.490457271426504
2,8.181727168919537,14,5,0,2,2,1.3301359254527856,8.456303249624192
1,3.7950390171000628,13,6,0,2,2,3.7261849072218167,5.02546328828967
3,2.921826169867334,13,1,0,2,2,0.371660036027774,-0.4878464649006631
1,4.853110539923935,15,3,0,0,1,0.354098695019825,-0.8162769641613004
3,2.9639334892865703,18,0,1,2,3,5.704005907875263,10.446659383037545
1,5.357198241315329,15,1,0,1,1,0.0,-0.8065906258412507
3,4.498648265373997,16,2,0,0,1,0.8090903861723134,0.7300816202119496
3,2.911692640285349,19,5,1,1,2,2.4672058496149827,6.118711401235576
3,3.0812682979574038,21,6,0,0,1,0.0,1.6241924253692002
2,8.117724184154966,8,2,1,0,2,6.210966765587929,8.058187858248424
2,8.805558074249811,17,2,1,0,2,5.097905732722884,8.085668308626584
3,2.888812843730048,10,3,1,0,2,1.4782705099036464,3.372015538439997
1,5.124518061153471,9,6,1,0,2,4.136888611189226,3.8334759202440694
3,4.410649425406555,18,6,1,2,3,3.5146422905976937,12.652743908453658
2,7.174120425910367,8,1,1,1,2,0.6306307126753516,3.4224020124960113
2,7.359465396577084,19,1,1,1,2,5.0676188827979525,3.211714956752459
2,7.788196696769581,18,4,1,0,2,0.0,4.208935814964928
2,7.739705793572295,21,2,0,0,1,1.8537118271530824,1.5627834286792357
1,5.406300643876822,17,1,1,0,2,2.494555374853883,4.2797610512581485
1,5.120829859910419,20,0,0,2,2,1.5769067938389427,5.821801985212492
1,4.112518970178936,8,2,1,0,2,3.8195024392465795,3.429247697490924
1,5.257705201450405,20,2,0,1,1,1.1623976239885048,1.8690624735159602
2,7.711230556322175,9,3,1,1,2,1.3473136463421835,4.398994453635183
3,4.137223608470619,11,1,0,1,1,1.4354512175001268,1.4611073227074467
2,7.68620623178154,8,5,1,2,3,5.2267410760504465,18.59243482987281
2,7.681692358448882,13,4,0,0,1,0.0,-2.309171228852648
3,3.7705658054022657,18,3,1,2,3,4.660251032840522,9.42853316879195
2,8.381463241168468,11,1,0,1,1,2.7625580311178517,-2.5093306222113014
1,5.2240496819681015,19,3,1,1,2,6.353189596491394,7.219135587974403
3,2.657201341307596,16,4,0,1,1,1.4346969152173545,-1.3992770735453233
2,8.269017219964125,16,2,0,2,2,0.0,6.880353195762602
2,7.4828459741628,21,1,0,2,2,2.9812138049117767,8.805778182980106
2,8.117638055794131,13,3,0,0,1,1.7017218077183855,2.8419021829097915
2,7.28813278230047,12,2,0,2,2,3.451415966637444,5.491934802266648
1,5.223161073771532,21,2,0,1,1,1.5699085773758363,0.7770140306043594
2,7.596700547846313,15,2,0,0,1,0.7265261584950616,3.7711508847904227
3,2.858682674869739,16,2,0,2,2,1.8551753223389127,6.743873527641037
1,5.356910068241199,11,5,0,0,1,0.0,1.9746461880539012
2,8.120822260838375,10,3,1,1,2,0.0,4.114393352816283
1,4.693011599303551,9,3,1,0,2,3.679283533426702,1.9369756062777448
2,8.725589424510533,10,4,1,0,2,3.3721056873043773,8.612969514809361
2,7.779673789215129,9,2,1,2,3,6.115151685649632,18.344467770637408
3,3.5160538369854675,18,0,1,0,2,0.32491261341421174,2.999400983105401
1,5.134456723839301,7,5,0,0,1,1.2900333786301206,-0.30653488484274405
1,4.690167032935693,16,0,0,0,1,4.109090189241554,2.5299064066276546
2,8.235568146699965,21,4,0,0,1,0.15690026155582268,0.456506943213693
3,3.233273826417638,18,1,1,2,3,4.876669361586918,11.028192731658937
3,3.2941808388918954,13,1,0,2,2,2.618004712171402,6.267015568715357
1,5.68132131990167,7,0,0,0,1,4.064674049420676,2.2158450100662996
1,4.479706973743784,19,6,1,1,2,0.9527044766002182,-0.14983172552637036
3,2.293609834535255,7,3,0,0,1,0.4064138667878099,3.6596055082306336
1,5.805468497505947,17,2,1,1,2,1.4006851554047117,8.975483742789121
3,4.7746639763035015,17,5,1,0,2,1.90599055831001,4.403659615957089
1,4.797365367275334,9,0,1,0,2,2.9008193842361214,2.191862769559295
3,2.5315809796899074,18,3,1,0,2,5.6946464832271175,3.9684781963475606
1,4.844758011902028,9,3,1,1,2,6.601981201377473,8.582426528228677
2,7.856888525079666,10,3,1,1,2,3.896284289253413,9.389636789996196
2,7.905038079488872,19,0,1,0,2,2.246810553953029,3.2656763978196643
1,4.443305979039076,21,6,0,2,2,6.985477733277037,11.578560408566371
2,8.28978057123824,10,1,1,1,2,2.1448910373409595,5.642457436231677
2,8.262253687643042,20,4,0,0,1,0.0,1.7291569025717486
3,2.7527971900903467,20,5,0,2,2,0.0,1.5150355632715167
3,3.8495983658474437,18,2,1,2,3,7.792183138489487,7.658121276126142
2,9.026342490972945,9,0,1,0,2,4.936491184742588,8.559647060017685
2,8.08598016621853,11,2,0,1,1,4.835611072232892,4.960015714596896
2,7.831337418965747,17,5,1,0,2,0.22095329556374832,3.32827670799864
2,7.928998392796239,21,6,0,1,1,2.916341614958219,2.6103006684322807
3,3.8076283834842806,19,6,1,0,2,3.140271036732255,2.995263418906152
1,4.134664197246391,13,1,0,1,1,1.6122004336002727,0.010139101513621185
1,5.082195351488651,10,4,1,0,2,0.0,4.205310568783746
2,7.804768025268595,21,1,0,1,1,2.9361636453305944,3.50070943766476
1,5.923912506478023,11,4,0,2,2,3.5730335026636606,9.760349937385309
1,4.912913633097521,12,2,0,0,1,0.0,3.0042302959892258
1,5.83394380555976,21,4,0,2,2,3.290225375322243,4.6489180239374335
3,2.9481296511089963,15,4,0,2,2,0.46900939791550167,1.6021448930636186
3,3.793629583401396,10,6,1,2,3,3.841119828836601,9.893609153164409
3,3.6597001318956144,7,3,0,0,1,0.0,-1.1286264755224842
2,7.5654763760676085,13,2,0,2,2,0.0,7.618654171398983
3,3.5886980573184704,21,3,0,0,1,1.7235169884067343,1.0260028156979573
1,5.6062594184158,13,1,0,0,1,2.3831872283651325,0.11248872721058412
3,3.3381041478566997,17,0,1,2,3,3.597311700472317,7.944341208328275
2,7.154018675415118,10,3,1,1,2,3.6964060318896377,6.8035109868848735
3,3.491218586761277,18,5,1,1,2,2.4689190507415275,4.703711129911104
1,4.548788452603744,18,3,1,0,2,3.656547924162061,5.40267529083887
2,7.828829530668059,16,5,0,2,2,0.7448455175779416,7.9771225616934025
3,3.4592061151574396,18,1,1,1,2,1.2331496878247283,2.946049622960629
2,7.147173891992241,15,3,0,0,1,2.104149772047485,1.5669977551275558
2,7.192170830339661,12,4,0,2,2,1.8722588297510148,5.794805075292793
1,5.241033417762763,18,2,1,0,2,7.0442179017069515,7.879967394901206
2,7.73864065191516,19,0,1,0,2,3.09261992958828,6.1408753375014555
1,3.7176278290897162,19,0,1,1,2,1.1478439192990155,5.8038995412247
1,5.392422018304067,10,6,1,2,3,7.453881752871878,16.274088623675894
3,3.63618487763712,17,4,1,0,2,4.261600328292039,7.649064820816875
2,7.643062587981758,7,1,0,0,1,1.4537457273928471,2.2428961365025444
2,7.341584894470879,15,1,0,0,1,2.3812013577358373,2.151134259679001
2,8.417903948157168,15,0,0,2,2,0.694407412308411,4.5833576036433215
3,3.6746753112802146,12,6,0,0,1,0.0,-0.43234444664393124
1,6.191301141342037,21,0,0,1,1,0.0,0.20280006681051255
2,8.210094299362469,20,5,0,2,2,0.0,7.026988388379298
1,5.193851570631008,7,1,0,0,1,0.0,0.9390727340316527
2,7.916536034945717,10,2,1,1,2,5.672758915753649,11.12583117539262
3,3.9083879336003955,10,1,1,1,2,3.4746762075876942,2.703794834689779
2,8.312542600624077,20,5,0,2,2,0.0,5.2838828660812425
3,4.125862504282598,14,0,0,0,1,0.0,2.901713359486317
2,7.7393385406813575,17,2,1,0,2,6.329552117496543,9.948159454034652
3,3.2822962635280186,19,1,1,0,2,2.81936197948974,3.236224305074211
2,7.76044841454401,18,1,1,1,2,1.7051795885967653,4.962069363805064
1,5.395400860589494,8,1,1,1,2,2.4520164702059937,3.4958772355873258
3,4.249187220148366,9,6,1,0,2,0.045384491365335844,1.8917443814035124
3,3.27057975342535,12,2,0,0,1,2.8461902990232395,3.424000685415848
1,4.787613136103454,12,2,0,2,2,1.2138941248279407,9.816415364704772
3,3.6570386119348997,18,2,1,0,2,5.734803055476844,6.732858137026604
1,4.877119249993549,9,6,1,0,2,3.1033034288946304,6.9499388966970415
3,3.976026826569945,12,2,0,1,1,2.8590639491368797,-0.8529053791867778
3,2.3741113546904766,10,2,1,0,2,3.513388998086171,2.813336629343679
2,7.586647476541553,9,2,1,0,2,4.706465325738152,11.283766240256877
3,3.108791833019277,9,2,1,0,2,4.438186092176673,4.542996100537221
1,3.8398219938069276,9,0,1,0,2,4.246582132503941,-2.2578531324357165
1,4.518180777815598,15,4,0,1,1,0.6958689543654212,1.9403445128533008
1,4.542421942077037,13,0,0,1,1,0.0,3.8363287892575375
2,7.8994476727405845,13,1,0,1,1,3.8308693831457203,0.39596697750925713
3,4.0564829458301315,14,1,0,0,1,0.0,3.038775351291024
1,4.877469674404649,18,2,1,2,3,5.00861528468632,6.301416578319653
2,7.484593139864423,19,5,1,0,2,3.029771750415191,7.138733862234325
3,3.4715227293932354,14,4,0,1,1,0.804881506687043,0.756332103653726
1,5.524586810720675,16,6,0,0,1,0.0,-4.699942430489234
3,3.0120205919425476,18,2,1,1,2,3.6294926111791757,4.527276895347133
1,4.544712558039276,17,6,1,0,2,2.6623148295940675,6.879732716298522
3,3.779274479637112,9,0,1,0,2,0.0,2.3284079049012174
2,7.889231942134599,21,3,0,0,1,0.01910457251369291,1.1845211861781522
2,8.323742345354738,9,5,1,0,2,0.7988693339396966,3.1038931745856537
1,4.993176604102351,13,3,0,0,1,0.0,-3.7227795104420434
2,8.350831824044784,16,6,0,1,1,0.2737466413787699,1.5217622378157536
3,2.98246094297968,13,2,0,2,2,2.975766684039133,7.529584539362448
1,4.993957674605866,10,0,1,0,2,4.053396084209153,7.622750451639403
3,3.3946549928184218,20,5,0,2,2,3.1343414140393886,0.48687846201650764
2,7.392054537947935,8,0,1,1,2,0.0,0.10096369576784525
3,2.718261026065656,10,5,1,2,3,2.277966144185061,4.8414962319709005
2,8.34287451763733,21,5,0,1,1,3.9470428736273417,-0.3597468736296179
2,7.824523808891011,17,5,1,1,2,0.9055824798459278,4.48750420666914
1,4.488859859176335,8,3,1,1,2,4.221682062273378,7.506671919291328
2,7.951910531538334,18,6,1,1,2,1.626124756668308,1.9866746499962034
1,5.564009428674652,21,1,0,2,2,2.159345478535129,8.546718253014014
2,6.859631077314038,8,3,1,0,2,1.7334915954528118,6.02749968008867
1,4.251680655048337,13,0,0,0,1,1.1230823092392896,-0.2840725956011081
2,7.538556779052366,14,5,0,0,1,0.2735482346333981,-0.06473434380729515
2,8.730589433360164,8,4,1,2,3,4.103420452711533,12.514085807169927
1,5.141293491459648,10,5,1,0,2,0.8996557606385793,2.393895018569733
3,3.8836586202306136,9,5,1,1,2,3.535548394985022,4.6427582911028225
2,7.4299195404368845,9,2,1,2,3,2.57456240191482,13.542971257516864
3,2.940232062364737,13,0,0,2,2,2.854962084241677,5.085461537757963
1,5.223906858361355,13,6,0,0,1,5.2529698180738,6.627984162422305
1,5.0291371654677235,10,3,1,1,2,5.700340102524024,5.711712978167942
2,8.274369409432063,11,0,0,2,2,3.4366957737883257,9.346755931317116
1,4.906164504535774,9,6,1,0,2,2.8287854045177045,5.8677020087723495
1,5.139071863227313,18,6,1,1,2,0.0,1.9855519366299266
2,8.079059542452555,10,3,1,0,2,0.3554272081996315,4.44427304836228
1,5.3888836945424625,20,5,0,1,1,2.565585712205427,2.2717536796913027
3,3.9035041409722355,15,0,0,1,1,0.0,-1.293517832959143
1,4.190064002804115,19,0,1,0,2,1.6014958036719067,3.8551152375917237
1,3.876365722329572,16,1,0,0,1,0.0,-1.1104518883404104
2,8.500872698825754,10,4,1,0,2,0.8759074823068906,5.0942721076220145
3,4.093862546630969,16,0,0,0,1,0.0,0.05651074302009107
1,4.489688490243331,11,0,0,1,1,0.0,-0.6078693530402859
1,4.070082296727186,8,4,1,0,2,1.2169410906559275,2.024054586660858
3,3.5495174105036003,10,5,1,0,2,1.5179628404422103,1.87798004626673
3,3.9654191131752645,11,5,0,1,1,0.0,-3.2916023441780276
2,8.898797261217158,9,5,1,1,2,4.0447204276689375,8.196423574666948
2,8.258148786050725,7,5,0,1,1,0.0,0.4630936505566403
2,7.8141416517071525,21,4,0,2,2,1.6428560642122927,9.555192934348007
2,7.5534346892075686,14,3,0,0,1,1.1938917946177665,-0.04166331166035775
2,8.005725645835327,13,5,0,2,2,1.7159207835341197,12.183117932072197
1,4.850367648057372,20,2,0,0,1,0.0,-0.7594718956992654
1,4.492466047135592,10,0,1,1,2,3.940900711140342,2.166829772474575
1,6.024377825431643,13,5,0,2,2,3.336395687115262,5.0523752150783245
3,4.392584201036065,19,1,1,2,3,4.705853000982792,7.562264015563414
2,8.568024341777715,16,6,0,1,1,0.1612155512410432,3.2068675727681146
2,7.539574801095436,12,2,0,1,1,0.0,2.742134781537324
2,8.427509662148639,10,5,1,0,2,1.278633913670949,6.0496608746091844
3,3.819813204748951,7,0,0,1,1,1.5382950039336154,-0.7272872076450199
1,5.221272812102026,8,4,1,1,2,3.8898841250892433,9.589318814507294
1,5.624832633521889,9,3,1,2,3,5.910596876833152,14.164467997290002
1,5.317685571430639,18,3,1,0,2,3.5617086974510443,4.520402491882564
2,8.370007118152168,16,1,0,0,1,0.09240655162990714,2.9467355784240574
3,3.818453141686105,13,6,0,1,1,1.3928237816455384,2.188680547396208
2,8.170395704001052,18,2,1,0,2,4.870217522045568,11.709063926553629
2,7.1081944351429085,9,5,1,0,2,4.822456010381295,8.575272802159795
3,3.5418105387052785,10,2,1,0,2,2.7984441681080265,3.8858185633805338
1,4.721904020575438,12,0,0,1,1,2.773985459817676,1.31605501601965
2,7.36007952117999,20,6,0,0,1,0.45692136346464235,-3.369779578822506
2,8.840908309650413,16,1,0,0,1,1.264752385131597,0.6792339312713516
2,8.864497670442852,19,1,1,0,2,3.5641757816697597,9.672257886792202
3,4.1796103001478055,10,6,1,2,3,5.494013414968348,11.909678557304213
1,5.127606708427937,19,6,1,1,2,1.5284960194993606,3.8609188572004705
3,4.175312560476328,8,6,1,0,2,4.402701676689652,2.2069721579888526
1,5.0060265903009125,10,2,1,0,2,8.690588789815278,6.984659224338271
2,8.10139863844889,14,5,0,1,1,0.0,2.0256274103907472
2,7.453264314769008,7,2,0,0,1,0.14198943084989632,0.9479393039260202
3,3.69849565224942,19,5,1,1,2,2.1075894713054755,4.250381866036701
2,8.030192964212208,20,3,0,0,1,0.0,-1.5939153065624119
1,4.348673941582768,15,0,0,2,2,5.088898956237346,8.73712197982216
1,4.9744014440917015,11,2,0,0,1,0.0,-6.263809637488362
2,7.960135218071596,8,3,1,1,2,2.0518390532672774,5.73006730527036
3,4.39878058332232,16,1,0,0,1,0.0,5.140643961889197
1,5.4471066642567045,15,2,0,2,2,0.4847765509155053,1.6301221709534737
3,3.5057227195457332,18,3,1,2,3,1.5832002140933046,6.6449293987940035
2,8.124393654900542,16,0,0,1,1,1.2636093984238577,0.7368129440153908
1,5.022106189052099,8,1,1,0,2,8.599394443674619,10.16926778465526
1,4.8985430076022265,8,5,1,0,2,2.266642412698956,5.600754953505449
2,7.458786401305857,18,2,1,2,3,1.6664841340195253,14.565375413400087
1,4.924474061196535,9,4,1,1,2,4.7999993288594665,7.4970289485872215
1,4.626950871673744,21,3,0,0,1,0.0,1.5945451223385607
2,7.374842230538427,8,3,1,0,2,5.598693861107081,6.296275040728222
3,3.755610907273767,17,2,1,0,2,2.4359419044201105,10.787484480563942
1,5.195632329966617,21,3,0,2,2,0.7363686218344385,5.066065239457259
1,4.106646244315961,13,5,0,1,1,0.0,0.39056419697940825
1,4.938657681252437,7,6,0,1,1,1.5155535218723744,-2.6384826288475693
2,8.497850692949962,20,1,0,1,1,0.0,-1.086900654606847
3,4.029611869448161,9,4,1,0,2,2.006550594412589,5.714563980432976
3,4.0129184214426195,14,6,0,0,1,0.0,-2.670913700719745
3,3.5194566034507297,21,0,0,0,1,0.0,-4.31511434860391
3,3.0774773360154244,18,5,1,1,2,3.7940632045879603,5.323852114745316
1,4.458150586320969,7,3,0,0,1,0.0,2.7414890149499556
1,5.172302452375178,19,6,1,0,2,2.111757091268969,3.5016599210812025
2,8.189640017182581,9,4,1,0,2,4.518770417661487,5.983675959082252
3,4.143665555802532,18,5,1,0,2,3.6060965658654336,0.4414691223104139
3,4.049989825171042,16,1,0,1,1,1.1806411459727806,1.8605552130727432
1,4.933885671734414,11,0,0,0,1,0.0,1.3225502177660893
1,4.377897060569565,13,6,0,0,1,2.3394923619710335,-1.6839312719390325
1,4.840446701494551,8,3,1,1,2,4.849398393539584,7.573934332655357
1,5.1086155974052625,21,3,0,0,1,0.8922820084953491,2.41217612952069
2,7.898958377305298,10,1,1,0,2,4.855091554627086,10.023981330602425
2,7.711052945961172,11,1,0,0,1,1.5008471088071536,2.4630612816259934
2,8.12644240748495,14,5,0,2,2,1.1210729733062195,8.804137208861306
1,4.7480211292946946,17,2,1,0,2,0.31220217661733285,3.2569639869847276
3,3.185966958137313,14,4,0,1,1,0.8407242516852477,2.5577451951072634
2,8.155726417151719,14,2,0,2,2,3.0921784616628574,5.271909393218031
3,3.2990037099353975,15,1,0,1,1,2.180943982277131,-1.3567548081703613
3,3.622052194489176,19,1,1,0,2,1.127357449909413,0.7438713425253081
1,5.136602011426062,12,6,0,1,1,0.0,-0.2596403433451062
1,4.430285499454213,19,6,1,0,2,3.9198005326155405,6.266157318671718
3,3.259379438067294,18,0,1,0,2,2.857666022293827,4.139365284466623
2,8.71888846995823,21,2,0,1,1,0.0,2.2342116229120634
1,4.418960243632856,20,3,0,0,1,0.7502163275083815,3.116092184800962
2,6.941672775514735,18,2,1,0,2,0.0,1.1952323706892436
2,7.069077423378745,10,5,1,0,2,1.1094868962532476,4.565653059637992
3,3.5145549732883348,18,1,1,0,2,5.703362745720215,4.216863411344782
1,5.01545863901635,18,0,1,0,2,6.64975803561423,9.726082493137637
3,3.4411945722874395,11,2,0,1,1,0.0,0.6435827380969901
3,4.107094914464251,17,4,1,2,3,4.341216925174612,2.777007672713303
1,3.663582783448531,10,1,1,0,2,3.085245046157412,8.87155004219048
1,5.197966937215412,14,5,0,1,1,3.562453855163136,3.584144004527232
2,8.780719100901786,18,0,1,0,2,2.014262104351197,4.510316507087172
1,4.436109617554143,9,0,1,0,2,2.046231953933444,7.445513066509726
1,4.810096744105053,12,3,0,0,1,3.0974511169257237,1.3327761930874455
2,7.62355404138569,18,3,1,0,2,2.250421694563484,5.416737611718254
3,3.0528269769612355,13,2,0,0,1,1.444403417932915,0.6466077494594389
3,3.33686899748848,21,1,0,0,1,0.0,3.3039836748866787
1,5.713742641842252,7,0,0,0,1,0.0,-0.20996941261176083
3,4.41869333774376,17,4,1,1,2,0.0,2.1704147915822585
1,4.832030387479926,19,2,1,0,2,0.8891324380885912,5.010597536391812
3,4.452530107032235,20,0,0,0,1,1.6784027103045267,3.041476411303318
3,3.5177882384923125,9,2,1,0,2,2.9001892178265747,4.273018214590442
3,4.37684551335054,21,6,0,1,1,0.0,2.2207819447149255
1,4.953350675173255,12,1,0,0,1,0.0,5.076966458855905
3,3.5655289130230723,12,6,0,1,1,0.0,0.6348208975988427
1,5.182737236321417,12,1,0,0,1,0.6022263342013873,0.822342457434349
2,9.589426839683767,16,1,0,0,1,1.9658324129235236,1.622384435315002
2,8.425642787422394,16,1,0,2,2,0.0,9.36137323160095
1,4.646367735024268,14,2,0,0,1,0.0,-1.1983954700658455
1,5.484498935137929,8,0,1,0,2,3.3181924843780113,4.325118746220486
3,3.3190837314578294,21,4,0,0,1,0.0,-3.0748858982532825
2,7.755124908549395,10,2,1,2,3,5.80675248505345,14.260728697671134
2,8.454300679946055,8,5,1,1,2,3.535080572253108,6.329106875572052
2,8.015542793885576,15,3,0,1,1,0.0,-0.11187398812084481
2,8.139287957255902,13,3,0,2,2,0.9462936080256459,10.965180283576686
3,3.506992610932646,16,3,0,0,1,0.0,1.071985609850449
1,5.168291563302717,20,1,0,2,2,4.297484699645485,5.686353372159365
3,3.7124829487180744,8,4,1,0,2,1.5359841341885712,1.3033469472772108
3,2.5315165336472925,11,0,0,1,1,0.0,2.7494973664613083
2,8.333286334304766,14,5,0,0,1,0.36668442799684203,2.5073452724980996
1,4.508990290084849,18,6,1,0,2,6.120701859748916,8.795735329077829
1,4.2788504322202945,16,5,0,2,2,1.3993834835273735,3.702408921635918
3,3.470794378070659,12,3,0,0,1,1.9176133120219219,3.6668808997353164
3,3.541990501657227,16,2,0,2,2,4.463958806530044,3.7542182691783843
1,4.65324691771386,21,6,0,0,1,0.0,0.7840607961150461
1,5.415515928833988,14,1,0,1,1,0.0,4.545317981786662
1,4.328912416814546,20,3,0,2,2,1.3418926559035678,4.814084572333213
1,4.796528125613721,18,5,1,0,2,2.4883537315148354,3.0442553551844806
3,3.2075629325334996,11,6,0,2,2,3.7084797211536653,6.875916245785205
3,3.4767063648303305,10,6,1,1,2,3.4620199545110277,4.172070055656823
1,5.13943214232362,18,0,1,1,2,3.4705794183397387,1.733319949391559
3,2.996053525188228,10,6,1,0,2,0.7495529792403302,3.3768576486113293
1,5.362141338728114,12,0,0,1,1,0.0,2.235668801099445
2,8.03150118416735,10,4,1,1,2,7.28689364955396,8.278875396093444
2,7.0540268733440445,16,6,0,0,1,0.0,-0.7544713481925456
3,2.5207042798014845,11,4,0,0,1,0.0,-1.9231307822436587
3,3.493840353535344,16,6,0,0,1,2.8621983311785946,1.5076142228427027
1,4.889516341106823,21,2,0,2,2,2.5636170973671044,5.609008220425949
1,4.948289943212683,19,2,1,0,2,4.156309833729043,2.3070561211403575
1,4.986008771734891,21,2,0,1,1,0.0,3.7843376607992116
1,5.1127799197550905,7,2,0,2,2,1.3626538188463917,6.642961211916258
3,3.97382480492415,13,4,0,0,1,0.0,1.1447902160587038
3,2.944447549541221,10,3,1,0,2,0.23452365940274644,3.262564645833727
1,4.414014203549603,20,5,0,1,1,0.0,1.5420724335196105
3,2.953338071056309,17,2,1,0,2,3.5920661540852348,4.189672229612142
2,8.144458333584353,11,2,0,1,1,3.7009264676875078,4.093982461104652
2,8.622473689323222,15,1,0,1,1,0.171998130010431,-0.36885051365254995
2,7.784330280880245,16,3,0,1,1,0.0,0.8769272495533187
1,3.7491500779201727,14,6,0,0,1,0.0,0.6833817719163289
3,2.6480035686948122,14,6,0,1,1,5.479008266216612,2.88664077633387
1,4.583481638601994,7,1,0,1,1,1.7327324699700795,-0.6028001385885897
1,4.721135556252393,13,3,0,0,1,0.0,0.2924741139310161
1,4.795805686372637,12,4,0,1,1,1.1822130288611135,0.3784351777592718
1,5.019290561490458,19,4,1,2,3,3.5159731502205194,8.121457123583614
1,4.844126834588776,19,0,1,1,2,0.29238496090628496,3.2628779952231355
1,5.524669805271704,18,4,1,0,2,2.303261273531856,6.004052413502993
3,3.1619913471593155,7,0,0,0,1,0.18305287847772242,5.239811246662485
3,3.0688410202622283,19,0,1,0,2,0.0,0.5173494254697397
1,5.239437769260231,12,4,0,0,1,0.0,-1.077423793098136
1,4.23217896503694,13,0,0,0,1,0.02067112636470945,-2.2014689941980095
2,8.19484585266,21,2,0,2,2,1.1836536480220916,7.766904105624153
3,3.5512765918631333,20,4,0,0,1,0.7896225422921815,0.9297042160542599
3,3.4262787550409164,7,4,0,2,2,0.0,1.1184303344592355
3,4.294138053574631,12,3,0,0,1,1.4282274971066014,0.7346143892541868
2,7.688896277352641,18,0,1,0,2,0.63248180587961,-0.2437153335168425
2,9.030149085262039,15,5,0,0,1,3.28546860387526,3.5671408044136363
1,4.887284275385951,10,6,1,0,2,0.0,0.528550114936774
3,2.861491777514886,14,6,0,1,1,0.0,-0.06931270282595836
3,3.5349597904974126,19,5,1,2,3,5.834741606063658,6.009091346102824
1,4.461877399840616,10,2,1,2,3,8.328466502995276,11.986858918043533
3,3.1241220760932498,18,6,1,0,2,3.6300860722323414,4.796869758074706
1,5.198516650007746,18,3,1,1,2,4.125715840364782,5.9233000517243095
3,3.7777910443250624,20,0,0,0,1,0.03507380334611696,0.9871165970355804
3,3.188916149872871,11,5,0,2,2,0.0,5.429283086870739
1,5.4937025725232,10,2,1,1,2,2.0197233035212414,5.096495727143825
2,8.578753879010566,15,6,0,0,1,0.0,1.9243290862924916
1,5.718150878281645,14,2,0,0,1,0.0,2.8922082198862764
2,8.264706703562862,13,6,0,0,1,0.8034978386394929,2.053366295137373
3,4.18171435604285,18,3,1,0,2,0.7536440358240766,2.1926234211572577
1,4.059600786012971,18,3,1,2,3,5.639108013446723,12.559747630737387
2,7.841046725685769,10,2,1,1,2,0.39635449555780466,5.709674218270795
3,3.066497371838287,18,5,1,2,3,5.592766040233509,10.202583338380112
1,5.059612930563696,10,0,1,0,2,2.022634862074075,0.7161577487620683
1,4.714275390401632,13,3,0,1,1,2.813231067301289,0.9704461373391879
2,7.916921079025133,7,2,0,0,1,0.6474377911581299,-0.1400403484224455
2,8.941087440102025,12,3,0,1,1,2.471565785988283,4.38566992187306
2,7.91514010178981,21,1,0,0,1,0.0,-0.04269283814111802
1,5.206896158595107,13,4,0,0,1,0.11228668048833457,2.3304212234644783
3,3.3838653350378824,17,2,1,1,2,1.0378256837674433,5.203651403105097
2,8.037856643978417,8,1,1,0,2,2.1727895145111638,7.959404952143736
1,5.003008340218035,16,1,0,0,1,0.0,2.411081128960573
3,3.72416203298658,12,4,0,1,1,0.0,-2.073987809317437
3,4.082653767773588,18,1,1,0,2,0.5689942823086098,3.067928809424904
2,8.823696998801665,20,2,0,2,2,0.0,5.843899517130495
1,5.154810040954583,14,4,0,1,1,0.0,-3.2981326627183964
2,8.294773443017801,8,2,1,2,3,2.8873070729930843,14.85418198440724
2,7.4245677454072165,14,2,0,1,1,1.254987793343689,3.817442170390354
1,4.95606162879219,8,1,1,1,2,0.0,3.020521886548911
2,8.470144732441794,13,2,0,1,1,0.0,4.035618743211785
3,3.9329843192085767,7,4,0,2,2,5.58179714246583,9.288072127021271
1,5.105804866397525,16,3,0,1,1,0.0,4.895605507185813
3,3.943196979783976,11,6,0,0,1,0.6420920183296716,0.6958011978031369
1,5.2453833544969095,10,5,1,0,2,4.284634293000989,5.72728166550891
3,4.1001531291296605,7,0,0,1,1,1.3250522595625605,-1.1783183911916257
2,8.144679578478556,20,2,0,0,1,0.0,2.2211254805855347
1,4.822150842214483,19,2,1,0,2,2.5378806402010197,3.5539171928291555
3,3.667920628466512,19,4,1,0,2,0.0,0.25937698735659787
1,3.534702812073612,7,1,0,1,1,4.892635717820647,5.81343106294908
2,8.191442868192524,12,6,0,0,1,0.0,2.316445337591915
1,3.175793587392608,21,2,0,1,1,0.0,2.264102734421357
3,2.6382682962972908,15,3,0,1,1,0.0,-0.7243822681099621
3,3.7258843004704922,8,0,1,2,3,2.0066790465542392,7.139476595452956
3,3.7387646686333977,9,6,1,0,2,5.705187819513091,5.479560064268988
2,7.418785609930035,10,6,1,1,2,7.844895802166992,11.411211871363449
2,7.64394897906053,21,5,0,1,1,0.0,3.1071293369884607
2,8.685270494307066,9,2,1,0,2,0.3591537063111798,4.745395563353579
3,3.257984934213662,20,0,0,1,1,0.0,3.949782170714718
3,4.6214601562014925,17,4,1,0,2,2.511782562955797,6.624266335387313
1,4.999040073411827,20,3,0,2,2,1.3672691536771122,5.0171590320214605
2,8.204018088440634,19,6,1,0,2,1.6974077472797109,7.025319429008881
1,5.808437199249304,11,4,0,2,2,2.4427505079524567,10.356431917985388
1,5.0655135580967094,19,3,1,1,2,3.7903462856309726,9.721975013705487
3,2.9988280096545994,9,6,1,0,2,3.646166515875801,7.021825699505094
1,4.945136274152855,11,5,0,1,1,0.0,0.05134890731599917
3,3.4821946319049544,10,3,1,0,2,0.7967563408514762,1.6194515055584784
2,7.317629173899217,8,0,1,1,2,4.3316661956134315,8.212254511150753
1,4.872083964329589,8,0,1,1,2,3.025027518843061,6.977997762409695
2,7.628903953001282,9,3,1,0,2,4.776715049669301,6.511893046626863
2,8.462178878593717,8,3,1,0,2,4.580151098944462,9.513574708542453
3,3.517305937092628,12,0,0,1,1,0.0,0.10279570863418463
2,7.858602125426215,8,0,1,0,2,0.1315555850847936,2.7866726158908435
3,3.4469090346887117,7,4,0,2,2,0.48891856251894317,2.8881927488422647
3,3.611561009203083,21,5,0,1,1,0.0,0.27085197049106036
3,3.80840709984489,8,0,1,1,2,4.510503551952201,10.132562176525232
2,7.5001438856653095,8,3,1,0,2,3.7026193519758355,5.041110245215819
1,4.479206183689364,7,0,0,1,1,2.1983679875706215,2.5655507485354043
2,8.552339607701265,8,5,1,2,3,5.792973634821837,17.94346262863025
1,4.793831563897634,14,5,0,0,1,0.41729916374673803,1.7122349980481761
2,7.291578953701563,19,6,1,0,2,5.39945956068834,9.091042203750078
3,3.7219063546915523,18,4,1,0,2,3.939454679470097,7.667108941655664
2,8.231684903016344,15,4,0,0,1,0.1362019268754376,0.5127711565781645
1,4.234642371371647,8,6,1,1,2,5.960906067861371,6.948226751740934
2,8.114740857731803,18,4,1,0,2,3.23036176630558,7.00365840835833
3,3.8677915462141867,7,3,0,1,1,0.0,1.0560373593890446
3,3.6871932258531315,16,5,0,0,1,0.0,0.6279303049984293
1,5.3159907418806975,13,4,0,0,1,1.4060509180908225,0.9761635916151565
2,7.2978654509546255,20,5,0,0,1,2.4741010836849378,3.210214929166817
2,8.165520077498098,11,3,0,2,2,1.8988251971331398,8.685433964945112
1,4.848690120264776,16,6,0,1,1,2.615831247559677,1.4917570229275512
1,4.758604920637677,13,0,0,0,1,0.0,-0.48499358415606686
1,5.435277804709863,14,0,0,1,1,0.0,3.414724027343107
3,4.239637255337115,21,0,0,0,1,0.0,5.421093537692766
3,4.397185027300179,17,3,1,0,2,1.546011255185306,0.5238757661703772
3,4.157403935752953,13,4,0,0,1,4.767722075963746,1.6980549940998362
3,3.4451329091849083,13,1,0,2,2,1.8676147346224776,2.494160981491051
3,3.6763600815131716,17,1,1,1,2,2.1845384567911337,3.3642831975189385
1,5.383411435892122,12,6,0,1,1,0.05192422686701004,1.8195398823745794
3,3.560588974649731,9,5,1,0,2,0.0,2.6905200380658396
1,5.0653820939557725,14,4,0,0,1,0.0,0.34406227356093666
2,8.41187656593809,8,3,1,1,2,4.966479938890808,8.153880261454145
2,7.970358676987034,9,2,1,0,2,1.7421092901344506,3.0392830630829657
2,7.635356531813169,13,0,0,2,2,0.34224967439945697,6.01203360944487
1,4.792763467082071,18,1,1,1,2,5.6190512730288,6.816834982409368
1,5.316955188866872,18,6,1,0,2,5.680508801903658,4.403265507349639
3,3.501496645599978,10,2,1,1,2,4.033980944322284,2.1868272184865933
1,5.1701049884341685,13,4,0,2,2,1.0897653319226654,2.648564961456671
1,5.335039621101095,9,4,1,0,2,2.521057869767353,5.936268710148401
3,3.312579268551195,18,2,1,1,2,1.391700076850082,2.876261199290788
1,5.378124081814903,10,1,1,2,3,3.0104537619427103,12.056518930945703
3,3.689421301729197,18,4,1,0,2,0.9111670233831353,-1.3723758677293745
3,2.8825934565442606,19,0,1,2,3,3.7638911864295848,4.859430349094014
2,8.721152395593123,17,3,1,0,2,0.93055801863051,6.126547341403928
1,4.749627628121542,11,6,0,1,1,0.0,-5.557339283332102
1,4.172452328407408,21,4,0,1,1,0.4388053395078115,2.818549967645648
1,4.477478145206849,17,5,1,1,2,3.469191161786874,0.3473843425304981
2,7.489477419660839,16,0,0,0,1,3.4015855168566334,4.220869166901537
1,5.026086659328767,19,1,1,1,2,1.6633232632905948,2.018371632237761
2,7.863074747226881,20,1,0,0,1,0.5922011792465411,2.4662297010546617
1,4.831584016179703,8,2,1,0,2,3.6254251585496036,11.75070430281548
2,8.309850982741239,20,1,0,0,1,0.0,-4.546355260242251
1,5.169937680596352,18,6,1,1,2,4.4886671774993525,5.986774934793244
3,3.6580239353221433,10,1,1,0,2,4.550458373701429,3.1803285173267852
1,5.204914228664347,11,4,0,0,1,0.6548221903950799,1.3705344996291586
1,5.3080673340011195,18,4,1,2,3,4.488720589904409,12.786902729649293
1,3.9460233291112785,10,4,1,0,2,2.28493978289093,3.7391673525476428
3,3.317780873867769,13,1,0,0,1,0.0,-1.8233725526564744
1,3.909894967755263,17,2,1,0,2,1.3881644427646167,4.19337436908298
2,8.018029963398897,16,4,0,0,1,0.0,-2.8967156759407615
2,7.997683513887828,20,2,0,1,1,0.0,2.48327452579748
2,8.52276613739484,8,4,1,0,2,3.8798479333753284,5.6644293283190486
3,4.09381719636056,11,0,0,0,1,2.39325573797402,-0.9983537296681408
3,3.6013875241261837,21,0,0,2,2,0.18387513534169986,6.2909675056100145
2,7.74981946130155,15,5,0,2,2,2.566882871489274,8.346949885569213
3,3.742580556272869,10,4,1,1,2,0.9317777209405795,6.315898286421843
1,4.736041181337844,11,0,0,2,2,1.3901556581216759,7.5527818986751765
3,3.4993036742783254,12,6,0,2,2,0.6193408416444484,1.8717590173544139
2,8.493068158480384,15,0,0,0,1,1.203791297212883,1.158136334832264
3,3.221114327005288,11,6,0,1,1,0.0,0.2420758793271487
3,3.9028393196212505,16,5,0,1,1,2.0233208274132934,4.481453822603964
3,3.838700684346151,13,6,0,0,1,0.0,0.8750354267342306
3,3.022604091434589,16,6,0,0,1,0.0,0.35258524219291854
2,8.486947064108701,9,2,1,0,2,0.4933894753096739,3.7265016053689664
1,5.349283172685753,16,5,0,1,1,0.5064090205906996,0.31180063373847133
2,8.05096294368633,20,1,0,1,1,1.7904368044523604,3.7108297286807286
1,4.618838270986174,9,3,1,1,2,3.5466425130737482,4.452152703068478
3,3.070396990712215,11,1,0,0,1,4.477663332828848,3.0473282346948114
1,4.731168711548489,17,3,1,0,2,5.859574904940836,7.236379614514544
1,5.27129723164598,16,6,0,0,1,0.0,-1.1075303076723237
1,4.522187416299301,17,3,1,1,2,2.3639451323858616,1.3060220537042806
2,8.218756124309936,15,0,0,2,2,2.9393934389707064,8.094063734961228
2,7.3791222355608035,17,2,1,2,3,3.3239616391486297,18.643387182781446
3,3.3979657077805756,16,5,0,2,2,4.332576613064973,4.825401731280275
2,8.054823877287005,8,3,1,2,3,5.723201043687167,20.869489959874546
1,6.222565072529458,18,3,1,2,3,5.512917821717066,10.076138756797336
1,4.311342172239816,13,3,0,0,1,1.3739073355416327,2.560940140303817
1,5.736007283245066,7,2,0,0,1,3.445659766738118,1.5298270218907106
2,8.07492120699364,13,4,0,0,1,0.34191070437501037,-0.6707844629042796
3,3.7055859590079816,13,4,0,0,1,0.0,0.3619199148422627
2,8.059173956694103,8,6,1,0,2,6.017439246645157,6.722814114061379
3,3.7223634090976163,21,4,0,0,1,1.9351008319822707,-2.695498750010139
1,4.9231574478189915,10,6,1,2,3,4.358040319232556,13.591525494167277
1,5.727025090728729,11,5,0,0,1,0.010372897318040171,0.4952336374851978
3,3.2717644278876388,13,0,0,2,2,2.3907618318775974,3.2549642047699976
1,5.566117286089624,19,2,1,1,2,3.723625889209966,3.4323825591592314
1,4.677816439893489,18,2,1,1,2,0.2868002981217721,-0.7721958606452439
2,7.969874076799356,18,0,1,1,2,0.0,3.8232614937217235
3,2.9640187238548905,10,1,1,0,2,1.2252199559950925,5.932408709789319
3,3.72751186017376,19,5,1,1,2,1.0705231139773155,2.744850665959609
1,5.722562978463267,19,2,1,0,2,1.712351972054995,0.7243118482175372
3,3.461321910089573,13,1,0,2,2,3.2694212841800088,5.356357704391929
3,3.401557150648045,15,2,0,0,1,0.0,-0.1066859244934566
3,2.9426915184660367,7,1,0,0,1,0.39278921002037653,2.164929311562492
3,3.385353673223846,18,1,1,1,2,0.5513931799154768,3.115961385656327
1,4.203602870139236,21,0,0,1,1,0.0,-5.971645068219847
3,3.0435610066405863,14,5,0,0,1,1.1745153234896808,1.710534446703
1,5.113393023054567,15,5,0,1,1,1.1899049163536035,-1.2226048379397199
3,4.159506598870698,14,3,0,0,1,0.0,-2.8434574828973975
2,9.404605430614751,8,4,1,1,2,3.3233247727591073,6.713609784391124
3,3.2067074574645495,16,6,0,0,1,4.397695706964664,4.753792207300966
2,8.71765007832272,17,5,1,0,2,2.964804141488724,2.5550917181818704
2,8.121876240200823,20,0,0,0,1,0.0,1.4091528341151012
2,7.924376176626812,20,6,0,0,1,0.0,1.5266776950631993
3,3.716297225863076,14,0,0,0,1,0.1843542150536661,0.29387736539148257
3,3.5309582418399796,21,0,0,0,1,0.0,-1.7352472604540967
1,5.055197862806109,14,2,0,0,1,0.0,-1.9587560083785842
3,3.2958334185866653,16,5,0,0,1,0.0,2.0518642631604544
2,7.300945170100575,16,0,0,1,1,0.0,-3.0224453729918093
1,4.228187398738959,21,2,0,0,1,0.0,2.128940921638357
2,8.326622441640614,18,1,1,1,2,2.6694640599551267,4.6952744620968865
3,3.3616499549571435,8,2,1,2,3,3.867621450279999,8.40388034649745
3,3.201955550171917,8,6,1,0,2,2.645972827847126,-0.3345288160454132
3,3.504252813361577,13,2,0,2,2,2.1220297108284107,3.6642137242086985
2,8.397466126457815,14,1,0,0,1,1.7788269130490506,2.1212234123705542
3,3.590181971513199,17,0,1,0,2,2.8015765295478983,0.8853882827323272
2,7.671972531679517,14,1,0,1,1,0.7982064105965064,1.7257719096633544
3,4.113146477824475,14,0,0,1,1,0.0,0.17802450735804598
2,8.789592751490815,20,4,0,2,2,3.144191447196964,7.98043301032866
1,5.2472783276614265,12,2,0,0,1,0.7514605952247134,2.606469906174677
1,5.486831755672045,14,3,0,1,1,1.731634006359639,-2.3998570784386466
1,5.620979998406906,15,5,0,0,1,1.4269209248889756,1.5323300928974497
1,5.565049658202257,14,4,0,0,1,1.1774712457622922,4.169749880190901
2,8.307049588556312,21,1,0,0,1,0.0,2.8798862782013224
2,8.29917352353744,21,2,0,2,2,2.4898784540889363,9.942303540081078
1,5.259830286673251,14,2,0,0,1,2.127017856903053,1.0056434572250108
2,7.451331162726478,13,5,0,2,2,0.6958508611944112,5.400895837143057
2,8.350361578429792,15,2,0,1,1,0.0,-0.6058515878112836
1,4.322093014436723,9,0,1,1,2,3.362862795900724,5.380667638665402
2,7.602700272437472,13,5,0,1,1,0.8305593805309069,-0.7826797144000501
2,8.651782533904044,10,2,1,2,3,3.3517870014719913,18.50160200149084
2,8.420110081347099,9,0,1,0,2,2.850474873173383,10.928235419059416
2,8.743699144842932,8,4,1,0,2,2.8120024515424302,5.07768195480773
3,3.3641628081563537,15,1,0,1,1,0.0,-2.68878960656661
1,4.423875579361616,7,6,0,0,1,0.0,-2.689489492632825
2,7.879781401464829,16,5,0,0,1,0.0,1.5531311034231514
2,8.051015648620288,13,2,0,0,1,0.0,-0.11949235792088686
1,5.039494358170005,12,3,0,0,1,2.8318285491545363,4.169062055655797
3,4.066840239378351,18,3,1,0,2,0.5684034029822493,1.149566647697231
1,4.8193647874982775,15,4,0,0,1,0.0,1.6612470950796627
1,5.176017235901462,18,0,1,2,3,0.0,7.965029230542889
3,3.005686425282697,17,2,1,0,2,2.0381666676517187,0.8316482925913782
3,3.7251586390219065,7,1,0,2,2,1.2087128917479981,3.3526650476639723
3,3.5015542750928184,10,4,1,2,3,3.9800456473314876,5.3496576582037605
3,3.1250933308577413,15,0,0,0,1,2.21535467896752,6.429608758333764
3,3.3820853189125737,21,3,0,1,1,1.7212350446739264,0.6951488815011491
2,7.9079121267423895,9,5,1,1,2,3.155713448534608,7.387937509359688
3,3.3649224353314517,8,6,1,1,2,2.2587738929202756,2.895784304716269
1,5.885670621133841,21,2,0,0,1,2.0523793362137277,-0.25518993297012393
2,7.95077699884606,21,0,0,0,1,0.0,-0.46776102183586943
2,7.8780519449113315,9,5,1,0,2,1.3634599221630843,6.871246085873775
3,2.451274521194929,13,0,0,1,1,0.0,-1.0414635827965668
3,3.0528963240102613,16,0,0,2,2,1.1173710122086347,1.7878394043135106
2,7.8684632877718235,9,6,1,1,2,4.5092872343452175,8.676938855480795
2,7.657073661911679,11,6,0,1,1,4.553077379086179,6.379575876330463
1,5.690853796688899,12,4,0,2,2,2.123220692378952,9.558477742233217
3,3.4175311123018908,16,5,0,1,1,0.0,0.7075009567449904
2,8.644222124659127,11,0,0,0,1,0.0,1.287985357062471
2,8.030852317025184,13,0,0,2,2,3.103909792611198,10.594710197049505
3,3.5186139182107885,11,2,0,0,1,0.0,-2.3060307638652606
2,7.95560177614375,18,0,1,0,2,4.100690202809776,3.9872886075124114
1,5.00189812581073,9,6,1,1,2,4.635423212525825,2.82073263877321
1,5.8593975015249296,10,0,1,2,3,5.872558906465728,11.534604881465661
1,3.840194636624391,10,3,1,0,2,2.5606766561228853,4.802636969181501
3,2.4992271277806606,20,5,0,0,1,1.129881307093629,1.1606368832382676
1,4.728414584471943,21,5,0,0,1,0.3418767422565999,0.34239605579753984
1,5.007263940968785,14,1,0,0,1,0.0,-5.185433030804537
2,8.345052212382006,9,3,1,0,2,6.7008246447500515,11.337971901340065
3,3.7365435990137374,18,3,1,1,2,2.2966412407789676,1.0599615790176777
2,7.807877043559715,14,5,0,2,2,3.551504600899819,13.247357935305224
3,4.009521846620881,19,2,1,0,2,0.0,-1.200332532145552
3,4.015097701576366,12,1,0,0,1,2.552941765561858,1.372059505530416
1,5.092028915635783,21,5,0,0,1,2.9375274893091636,-1.063702858237349
3,3.9813287862434206,19,6,1,0,2,3.0596675742532766,4.807159433591785
2,8.136322631716064,10,3,1,1,2,4.117542069475517,4.595598967621147
2,7.719258486608558,17,0,1,1,2,4.117030363215125,4.262895889061955
1,5.3489084195000025,11,3,0,1,1,0.0,-2.7450284343487947
2,8.055306561289338,12,6,0,0,1,1.0942446108786805,2.326144683882191
3,3.5006699233772434,10,6,1,1,2,1.3827390602548892,3.715671285355537
2,8.736476786094787,17,2,1,0,2,1.7824861527093478,8.343197319613147
1,3.7745639357299567,10,1,1,0,2,5.253886286424597,4.916860793077445
2,7.291157914920215,16,4,0,2,2,3.9493153814004054,8.518260264926969
3,2.906464786812815,15,5,0,1,1,0.0,-2.578670394803903
3,3.318369676215597,18,6,1,2,3,3.5328473129979185,7.5940442033540085
1,4.872695915116985,21,0,0,2,2,0.7088067950846557,3.4343144250950903
3,2.7463371761134763,7,2,0,1,1,1.4652791329309816,1.802710846490263
3,3.007420983844587,21,3,0,2,2,3.0438379205799393e-05,4.439995713896427
1,4.569579160738215,8,0,1,0,2,3.713425278071905,6.275814513716435
3,4.728712046037946,14,6,0,0,1,1.4936936212685892,-0.6921322050360583
2,8.900870973873573,12,0,0,0,1,0.0,1.9969358092460006
2,7.794125291157675,16,4,0,0,1,2.0201273937298554,2.216404885068961
2,7.8182083548466,17,6,1,0,2,2.391379661020415,4.537274247258807
3,2.9253980014058527,19,4,1,0,2,2.5722887980121714,1.8374055181131217
3,2.5459347933873664,13,5,0,1,1,0.0,-1.1198715887231039
3,3.441559906795738,20,1,0,1,1,2.0343546952404106,5.394572262351563
3,3.001074008377987,11,5,0,1,1,0.0,0.6148215329880466
3,3.457574734168995,10,2,1,0,2,3.6995436354301185,3.94226053090887
1,4.199897075478261,12,0,0,1,1,0.0,-0.5244937170738933
1,4.619012770844871,14,2,0,0,1,0.0,4.891957222876057
3,3.5743135476514154,17,2,1,0,2,1.7817937123533585,5.187748582783733
2,8.183104798891968,19,3,1,0,2,5.7657444780814675,6.090191588957989
1,5.208735979371007,10,1,1,0,2,3.403315085268961,4.089334609095088
1,4.339755507921481,11,3,0,0,1,0.0,-0.42848908674181985
2,8.42734286506778,21,2,0,2,2,2.6106565746973835,9.180969136415502
2,7.599894151699075,13,2,0,1,1,0.0,-1.4024519852628714
1,5.316428957303653,10,4,1,1,2,9.908092804488362,11.61630104631758
1,4.994680661690904,21,2,0,0,1,0.5702476826845448,3.2697162018691017
1,4.311806250461026,13,5,0,2,2,1.238750305867271,1.5308249785050858
2,7.841901147709406,21,1,0,1,1,2.8400558355742085,0.7976450465720433
1,5.182681871031884,20,6,0,0,1,0.0,-0.9663171105946144
2,8.3064826902373,20,2,0,1,1,0.1886403127621949,-0.7710655952437016
2,7.929506051277791,15,0,0,0,1,3.9888569893621453,6.7120870677601765
2,8.765889445300527,18,1,1,0,2,2.7676014312804917,8.657502681130193
3,4.00375538549328,21,5,0,0,1,0.0,1.888644704236528
2,7.8716729418001234,11,6,0,1,1,0.0,-0.5287313870268022
3,3.875060906068472,7,1,0,0,1,2.9090360819180736,2.107937874611183
3,4.466896742594093,11,4,0,0,1,0.7521391926415423,-2.304682341588057
3,4.480242300391513,16,4,0,0,1,0.0,1.5634804560956344
3,2.8860000595887514,15,0,0,2,2,0.6295143856419521,3.691154523285988
2,7.536733444421425,8,3,1,0,2,1.8805994577003733,7.561047262421695
2,8.742459393366925,15,4,0,0,1,0.7223957681079923,0.23539429275924206
1,4.470859474581181,9,6,1,0,2,5.676392265877306,5.063528126995887
2,7.33872943335416,14,5,0,2,2,4.104846025598341,10.808354558761422
1,4.756902934650476,15,0,0,1,1,0.9120243642182569,2.4750437183246135
3,3.7101133547372926,16,1,0,2,2,0.0,0.027659439594874158
3,3.4488016466944518,13,3,0,0,1,0.0,1.4721122674767493
1,4.674718189797204,13,1,0,0,1,1.0665040424275267,1.1416548886689384
3,3.1628937691377454,17,3,1,1,2,0.30905780413421136,-0.4247922840841323
1,4.643831467793646,18,0,1,0,2,2.5488659578627915,-0.053007434407653875
3,3.060245185670529,19,0,1,2,3,5.608300892372354,11.182004817029867
1,6.140816438638031,12,0,0,2,2,0.0,7.808079117458561
2,8.148755535592777,13,2,0,0,1,0.0,3.349369333482791
2,8.443379527202369,11,5,0,2,2,1.8117578708643627,9.46164551197878
3,3.255461265940538,14,1,0,1,1,1.0073005750481077,4.696925940800622
2,7.907021661406976,8,6,1,0,2,5.1230375408275135,8.537285984939224
3,3.1432230093148226,13,1,0,0,1,1.2141068695411037,3.0043264128382496
3,2.174145832540399,9,0,1,0,2,3.147313189984389,3.177559188634471
1,4.310995361576067,14,2,0,2,2,0.5076104928859013,2.736576122723646
3,2.5946906600098028,19,5,1,0,2,0.8581860083109616,0.6123729944938896
3,2.375108111024196,21,0,0,0,1,0.0,-4.121057894248625
2,7.402320512850949,13,0,0,1,1,0.8198711699611343,3.1578215574320225
3,4.1624778396908155,7,5,0,0,1,0.6732474132546857,-0.4818897793652308
3,3.4777819161478227,10,4,1,0,2,0.0,-0.12993463031837393
3,4.145281881160587,8,2,1,1,2,1.428645943464994,0.30976231991760095
3,3.7054912884504376,18,5,1,0,2,5.409015103212312,4.290323763240826
2,8.39127941285758,21,5,0,0,1,0.15843009560827886,3.6932527826033983
1,4.549551502347713,15,2,0,0,1,0.0,4.187557701645435
3,3.7619754770963354,9,3,1,0,2,7.711642363196303,3.7853353775690124
2,8.364357117037173,7,0,0,0,1,0.0,-0.7088959919525664
2,7.711676353883154,21,2,0,1,1,0.7686679186268159,-1.505688710692123
1,5.279770185308083,11,4,0,2,2,2.799049512090269,8.478499280039122
1,5.283093879287416,8,1,1,0,2,2.2648090676796278,5.310775945477252
1,4.725223689434959,9,6,1,2,3,3.5448526363572115,9.717631754428673
3,2.9386157838645026,10,6,1,1,2,7.243349970131881,8.877051700588147
1,4.407935834050864,16,1,0,1,1,2.006411739235501,0.8678784448080741
1,5.043252770960731,20,2,0,1,1,1.643874402217353,5.191243102338381
3,3.6635049343946573,11,1,0,1,1,1.1525783834364214,1.8649790385158713
2,7.603737084771042,17,3,1,2,3,2.993365219276631,15.551902053578434
2,8.013292670663049,7,0,0,0,1,2.5550603834805474,-3.8907591900703995
3,3.785268518069243,7,2,0,1,1,0.0,-0.13357735765762158
2,8.30909535733265,7,3,0,0,1,0.5665735963012914,4.692967920146266
1,5.775940060061244,20,4,0,0,1,0.0,2.652258140073368
3,4.138490416099022,15,4,0,1,1,0.0,-3.694179171840606
1,4.499354283621728,19,1,1,0,2,3.6365824053062292,3.128249419354624
2,8.84179310476901,7,5,0,0,1,0.0,-2.403038931837443
3,3.234511747722143,7,4,0,0,1,0.0,3.422203120725741
3,4.0224364062272135,19,5,1,0,2,4.081219005894151,5.074270487092333
2,8.033993313025544,8,3,1,1,2,7.240161542101578,6.419322717898805
3,3.2939253107715163,9,6,1,1,2,5.779120517160123,5.492806039852024
2,7.096151570112534,14,2,0,0,1,0.0,-5.214731058136968
2,7.914217744891826,16,5,0,0,1,0.01769061339389144,-2.157970137681069
1,4.220308382347196,10,1,1,0,2,4.775412513567827,5.407832507871236
2,8.483649617921387,13,1,0,0,1,2.2442560396698137,3.8160882860718495
2,8.758396328569624,17,3,1,1,2,2.3129285623486027,1.5418920449254152
3,3.101544505351655,13,3,0,1,1,0.06835543144914859,-0.7091819536452979
1,5.150985371259636,12,5,0,0,1,0.6012296135290729,2.3368338702654974
3,3.137304238996012,8,2,1,0,2,4.107752640557663,3.119186804846202
3,3.1857576349316052,13,6,0,2,2,1.7338471159774662,4.367729969193428
3,3.8872473519326856,19,2,1,1,2,2.7598295098625116,3.792161456807232
2,7.980730869078294,16,3,0,0,1,2.7596646595087764,4.975660136456678
1,5.869824020965506,20,6,0,0,1,2.4190414048857725,1.8231291356467896
1,4.75888376064854,8,3,1,0,2,3.9548211468721766,6.041127842839268
3,3.9996681662372446,7,4,0,2,2,5.438218140045857,7.78542316467423
3,3.548706706478891,15,6,0,0,1,0.0,-2.652697336098689
2,8.397889004872116,9,6,1,0,2,6.2459468972587615,6.878000194091872
1,4.776421171335027,15,3,0,2,2,3.0850308870711007,5.752827930800507
1,4.9752205812242085,20,2,0,1,1,6.542052244429179,7.211919151366116
2,7.942250560350533,12,1,0,0,1,0.0,1.6968128979256747
2,7.581971442577107,15,3,0,0,1,0.0,1.1083229701643447
1,5.331040767290876,17,6,1,0,2,3.8375956564010956,4.7365765933863315
3,3.825124502789182,9,3,1,1,2,3.794468105957984,5.763043425138557
2,8.296777347452784,20,2,0,0,1,3.900277968350037,5.604714485880677
1,5.768482826958822,10,0,1,2,3,3.6632506334009323,9.81086953375432
1,5.724672400618152,19,2,1,2,3,6.809837037387768,14.560367528240661
2,7.812527655075432,16,1,0,1,1,2.3249260093639914,2.0383960004817823
3,3.686526159217089,9,6,1,1,2,4.409295664441295,5.785308050380296
3,3.1881996553708936,17,3,1,0,2,1.07800731615136,-0.8695586449385058
2,8.011677658057279,9,0,1,0,2,5.815517610508396,12.498955118445458
1,4.700125275440568,15,0,0,1,1,2.4586498626308275,0.15757761259735226
3,4.310035154568025,21,5,0,0,1,1.1991690395807548,2.9368652048801813
2,8.181849075171481,21,6,0,0,1,0.40869537441790826,-1.0262927725525124
1,4.890985435947789,20,5,0,0,1,0.45221602008874257,-0.7498987637052021
2,8.596809285928188,14,0,0,0,1,0.0,2.426246500930933
1,3.914692295102294,15,0,0,0,1,1.2815702685052837,2.895999607168246
1,3.992948702567355,11,1,0,1,1,0.06226970588995511,0.4514924337710209
2,8.397919327609888,20,5,0,2,2,0.30295004929471747,8.545521447598244
3,3.530234224058684,14,5,0,1,1,0.0,-0.5771055605128002
3,3.62522315013038,18,5,1,2,3,3.495927492695416,9.161824116601515
3,2.8368019483407254,12,0,0,0,1,0.44426448509890354,-1.0377436886867635
2,7.988383144574817,18,1,1,2,3,4.946088327129585,20.22438019448071
1,6.001754705200671,10,6,1,1,2,3.4306875865774984,4.679131677414093
2,8.412099809897931,18,6,1,0,2,4.001626267092222,10.376363994873618
3,3.584853272571406,7,5,0,2,2,0.7453581481662421,2.9485238056258094
1,4.780473044947531,8,0,1,0,2,5.931320336690696,8.78617288579914
3,3.302713574065303,12,0,0,0,1,0.0,1.5174560413086686
3,2.435401055399991,14,0,0,0,1,0.0,0.04772884237916397
1,5.128820210460581,17,4,1,0,2,3.9647724746649047,4.715175403678543
3,3.922741554240927,12,5,0,0,1,0.0,-0.06004689561694221
3,2.712190336414692,7,4,0,1,1,0.0,1.7876367071151682
1,4.669291553846592,11,1,0,2,2,3.9621455973836657,6.178615743987921
1,4.421267683883289,13,5,0,0,1,0.0,-0.25247401454652874
2,7.5173244025956185,15,0,0,1,1,2.2351483938663117,1.360612438642658
3,3.52674081341095,16,5,0,0,1,3.0222731327182695,5.144732309073573
1,3.957798922505763,10,6,1,2,3,4.261089324352503,10.90158012185095
2,8.307135219178532,16,5,0,0,1,0.5836255348526201,4.297270561786554
1,5.376927534966841,16,6,0,0,1,2.238174169702053,1.47633341791024
2,7.874448705981544,18,4,1,1,2,2.0664216239129605,5.02704445337114
2,6.759645745007729,14,3,0,1,1,1.735551041052363,1.5319100431574135
1,4.501790686998805,19,2,1,1,2,1.6577024097386568,0.468541174194252
3,4.116450967051348,10,6,1,1,2,2.0447954133336412,0.9004121894941299
3,2.1110028596357138,17,4,1,1,2,1.4013270713500525,1.5114135775622
3,3.3262382939032404,7,1,0,0,1,0.6852943983896068,2.6288032326332793
1,4.409999610766371,8,6,1,0,2,5.315938105131099,6.68226201516115
1,5.4022851507924186,19,0,1,0,2,2.6317741357656717,3.832473632915896
1,4.66244302392827,14,4,0,0,1,0.0,2.4530694912131903
2,8.201977010367806,16,1,0,0,1,0.0,3.10235426578452
1,5.282730209584546,16,4,0,0,1,0.7891988427410808,3.303992996368706
3,4.41811291986501,17,2,1,0,2,6.688232826788539,4.522268648972757
3,3.398529028162315,10,3,1,1,2,3.7874499986287953,4.540563417516898
3,3.6880221848113055,9,4,1,0,2,2.2262068986974946,6.644020792513308
1,4.257472260436282,7,5,0,1,1,1.5323679337005682,1.9957903355707547
1,5.595206781646872,19,2,1,1,2,2.5210027288265073,4.477473146464742
3,3.1197455759643176,10,6,1,0,2,2.243429565271587,4.176435251914689
1,4.719622917956127,15,3,0,0,1,0.0,2.014598134716225
2,7.988876102575395,13,1,0,1,1,2.8168976884927117,1.8018085669056347
3,2.7185578273300752,9,0,1,1,2,0.0,1.590269114697306
1,5.114385014464469,13,1,0,0,1,1.5957184005585385,2.864059872084775
1,5.483733136462505,8,4,1,0,2,2.072510124404926,1.699067730383911
1,5.146466911748646,9,3,1,1,2,2.1793185370967745,4.71304419133023
1,4.205551217910638,9,2,1,1,2,6.384630312235625,5.255878062986286
1,4.9380953528351705,19,3,1,0,2,1.5717378155998973,1.3366660879801202
3,3.8710144514897453,15,5,0,0,1,0.0,-1.1262001549606087
2,7.061005617017046,20,4,0,2,2,1.7392115221609392,8.037193763168506
3,2.9626169930911432,13,0,0,0,1,0.8276947716244765,0.021102247530235374
3,3.93827180204076,10,0,1,2,3,4.116288435414261,8.24865556981179
3,3.6350477170986433,16,3,0,0,1,0.0,0.10310912664991889
1,5.205985791063377,20,2,0,1,1,0.0,-2.2939254565328593
1,5.929747403811656,14,5,0,0,1,2.5626677129290387,3.3728287697984918
3,3.7342763892531012,7,4,0,0,1,0.1495535782710229,2.3418252898444507
1,5.32894400521659,11,5,0,2,2,2.902174567407644,6.9409602184638
1,6.355372763609163,20,4,0,0,1,0.0,-0.4052979866004165
3,3.3930977209547546,14,2,0,2,2,0.6810046076534608,3.985014381357388
3,3.1010586181907525,21,4,0,0,1,3.355138899750822,-2.0352083627709963
3,3.7138981991235664,14,4,0,2,2,1.6236162858978387,5.484780533485674
3,3.7194955146944473,7,5,0,2,2,1.1132602409457464,10.304367936175074
1,4.736642304026896,20,1,0,1,1,2.192284732710679,1.395044127457254
3,2.983801490222576,18,4,1,0,2,1.5552792822652295,1.9810281558755172
3,4.654922211045039,17,1,1,1,2,1.8105453124520066,4.651052156006534
3,3.6634217351940115,21,5,0,1,1,0.020493368033796006,3.3126481428056067
3,3.1338573092989623,9,5,1,2,3,5.00054020817636,10.401249270768822
3,3.957965151139799,20,4,0,0,1,0.5192226958064288,-3.770032191109822
2,7.945427424219333,10,6,1,0,2,7.183338178790976,9.748971108512546
1,4.8735592768410845,21,3,0,0,1,0.6724964927047409,5.568953923434114
2,8.281136435957247,9,0,1,1,2,0.0,4.752186936983179
1,4.354058865884155,15,4,0,2,2,2.6525978868631217,3.3703452981556925
1,5.1763136019585865,18,5,1,0,2,3.075759988979198,4.361201220899403
1,5.956477403865876,8,0,1,1,2,3.0869000487029155,3.579091303436755
3,3.733088831098655,8,0,1,2,3,5.491894618792341,11.752509262621414
2,7.811893948108268,19,1,1,0,2,2.9426434246504014,3.5960888857195954
2,7.746447359785879,7,5,0,0,1,0.0,0.1484872693840451
3,3.2948300133274455,16,3,0,1,1,1.2260884195415722,-0.6824567620522117
2,7.8730186609761095,21,6,0,1,1,0.0,-1.0928961150959822
2,7.811096733620864,16,6,0,0,1,0.0,2.9723012917209886
1,5.458155720537284,14,3,0,2,2,8.047562905244781,13.850109602196405
3,2.6333954483955084,13,4,0,1,1,0.0,-1.11840494745144
2,8.431000025206068,16,2,0,2,2,2.200285824920153,7.018676468138832
1,4.810156737428719,15,0,0,2,2,0.0,0.10472241714410302
3,3.688473892847686,14,2,0,2,2,2.232936830102844,3.0149491529587067
3,2.936506044899568,9,4,1,1,2,1.1335488986213298,2.511274068848004
1,5.664315533424718,16,1,0,0,1,0.0,1.9604675374453269
1,5.622817480085937,18,1,1,1,2,5.090129331542247,5.383933165532797
1,5.479795262875037,17,0,1,0,2,3.9440191367561477,9.250655651423749
1,4.24262261210323,8,5,1,1,2,4.136819049149638,3.6665820344812694
1,5.414560535533027,17,6,1,0,2,0.0,1.817202192818936
3,3.7024275438178544,17,5,1,1,2,6.673790339658026,3.1749107705912873
2,7.1973643764337165,9,2,1,0,2,0.6162373781162498,5.695965816310416
3,3.487851308114592,19,4,1,0,2,6.05712162858773,9.566546453072778
3,3.6822672445166313,14,6,0,0,1,2.0430877319629723,-1.1520926094458943
2,8.278037636911575,14,4,0,1,1,1.1546654835693602,0.010730960926508715
2,8.088630683474427,17,2,1,1,2,1.290030438183237,6.716985929692456
1,5.14561570842369,14,2,0,0,1,0.30317968963904585,-2.5700001549684117
1,5.736805696126548,15,5,0,2,2,1.0581571787102804,6.85831161154357
2,8.61301695495534,11,3,0,2,2,2.0580791430105836,11.426695283516839
1,3.5664725231086285,20,5,0,0,1,0.0,0.15645762871367452
1,4.841280722581159,21,6,0,1,1,0.0,1.100526141880266
1,4.917674486228024,8,0,1,0,2,5.243568301969177,11.260581092884845
3,2.6239507136365146,17,5,1,0,2,2.837785686901278,7.126377158055436
2,8.047091529116155,7,2,0,1,1,0.0,-0.12393442606896699
3,4.124378886205253,12,3,0,0,1,0.0,-1.064755698598466
2,7.456716070204704,21,1,0,2,2,2.7169191527335363,5.494998037435234
1,5.168200469344936,9,2,1,2,3,3.2124873234110556,13.121109473681265
2,7.542088261351781,12,2,0,2,2,0.0,3.290119493499489
1,4.664043988160161,10,0,1,1,2,3.8142596064165524,3.843393208088477
3,4.238696817085017,17,5,1,1,2,4.038205995913644,6.653248110791894
1,4.728721089944088,13,1,0,2,2,1.600736350644734,4.171660898018825
2,8.231106244505312,15,2,0,0,1,0.0,0.5596405300382479
3,2.5643909419695063,21,1,0,0,1,0.17787108177857067,5.298388952722659
2,8.93115878069744,14,1,0,1,1,0.0,-0.24319718069308394
2,8.30132622315325,18,2,1,0,2,0.9455388066246813,3.1598652330462116
2,7.908750078674869,8,6,1,0,2,1.4986041269916777,6.848465356280627
3,3.7877732549999474,10,6,1,0,2,4.687878141783112,4.790586624469356
1,4.295090285526095,21,2,0,1,1,0.0,2.8786715424227527
2,8.591265370876329,19,3,1,0,2,2.104267176447079,6.110089663403464
3,3.338007612251785,16,6,0,0,1,3.9093850308224924,1.6089108483893035
2,7.897965242475783,12,1,0,0,1,0.7049249943774278,-2.8154087052092223
2,7.754172192517258,9,6,1,0,2,3.677989020949652,3.933403585615004
1,4.709674298627208,19,0,1,2,3,4.26059850958245,6.416075191993569
1,5.347335305814204,18,1,1,0,2,1.8072566647264445,4.582853257271395
3,3.6279534250521115,10,2,1,1,2,0.0,-1.187953979712848
2,8.32587407070152,15,0,0,1,1,1.9374810638471165,4.33781159567134
1,4.995602655257215,16,5,0,0,1,0.8966194115127583,0.5482998253055857
2,8.256599905538591,14,5,0,2,2,1.6416680135731734,8.023106900894199
2,7.790575628037481,20,2,0,1,1,0.0,-1.6877101504086767
2,9.114865920704775,8,5,1,1,2,4.47228852452211,9.478946913791347
3,2.7160347917847507,10,5,1,0,2,0.0,-0.4586750213877515
1,5.630468661781492,8,5,1,0,2,1.820237336892389,1.591092437237462
2,8.683953725360485,17,5,1,2,3,2.727394274214939,18.49566518212156
2,7.573920597017203,16,4,0,1,1,3.5430185649734924,3.9020947918381594
3,4.6146368052779865,21,0,0,2,2,3.751311063706601,7.720438826946948
1,5.4977451414726595,15,6,0,2,2,0.0,5.681062082645557
1,5.4855695034114555,9,4,1,0,2,0.0,2.3411637711956637
2,8.014011093512938,13,6,0,1,1,0.0,0.7660263009033663
2,7.891386920890662,8,6,1,0,2,2.0551195758551506,3.262845027295519
3,3.395295586480196,17,1,1,1,2,0.35123558384622333,5.971727113605908
2,8.19526529815976,17,2,1,0,2,6.889524475300979,10.157540051948505
3,4.2005931375169485,19,1,1,0,2,3.625079827965158,8.938028639351716
2,8.09065710893071,12,0,0,1,1,0.949632645726183,0.19225567519922038
1,4.544278188431355,11,6,0,1,1,0.0,1.6141942313099253
1,5.4122135311924895,8,6,1,1,2,4.444548294356005,8.30353859654587
3,3.960575373197396,13,6,0,0,1,0.0,2.293703510300091
1,5.327329764223893,14,6,0,0,1,0.0,-1.6812474143282898
3,3.8727494532624913,18,4,1,2,3,6.22200391965052,12.491524564607456
1,4.864535934921096,18,3,1,0,2,0.0,5.7531537448482855
1,4.53550541643471,9,6,1,0,2,6.194055719701965,8.23124627610919
1,4.56590328467961,11,3,0,1,1,0.3647784294477516,0.31576755393103006
2,7.182268375771071,14,4,0,0,1,2.5618884175608487,1.9633944200958062
2,8.118474305772974,12,1,0,1,1,0.0,-0.6928725043702002
3,3.4582756083867032,7,5,0,0,1,0.0,3.422845597864981
2,7.780006147735145,19,5,1,2,3,2.6761995568003756,12.255156542565128
2,6.522190587827465,17,4,1,2,3,5.500595345329677,11.96077534536838
2,7.376341265152916,14,3,0,2,2,2.131966603836492,10.94523490299904
3,4.060420325701584,11,1,0,1,1,0.0,1.2490968517767254
2,7.667686999968435,19,0,1,0,2,0.9718616142294412,8.400065280590663
1,5.180295838828421,7,4,0,1,1,0.0,-0.9008772756517072
2,7.304657285012372,13,4,0,2,2,1.903032199058688,7.530723775401864
3,4.219352741179615,19,5,1,1,2,2.0688264408227997,1.7440868523170003
1,4.9279861699726615,21,6,0,1,1,0.0,0.28660233729539186
3,3.6450201982417676,10,3,1,1,2,6.094178972263219,4.395545085321489
2,9.162889895940843,16,5,0,1,1,0.0,1.3699091133100154
2,8.758220050294701,9,5,1,1,2,5.5400858678538505,7.5185943476686745
1,4.846717189356471,8,1,1,0,2,1.9334956346346068,3.631420085094673
3,3.2033899075648202,12,5,0,0,1,0.48955256759731375,-0.37554568515822595
1,4.837227494240234,20,0,0,1,1,0.0,-1.7895079747361997
1,5.2549491242382675,17,4,1,0,2,0.0,3.6810513355076147
2,7.947387932874564,14,6,0,2,2,4.856676612527826,9.77952905555598
2,7.802377927498264,11,4,0,1,1,0.0,1.0237918240984847
2,8.733590625354521,9,6,1,0,2,4.492836439265921,10.700427107609904
1,4.942895054111082,11,0,0,2,2,0.49594255507688123,7.22387075472321
1,6.14979454651866,9,3,1,1,2,2.6703112368404707,1.9953336147239664
1,5.045371281876086,9,5,1,1,2,1.2662952801532905,2.089806332218103
2,8.892659197112364,17,4,1,0,2,5.471996965526786,8.30110598259338
2,8.178659711355314,8,6,1,2,3,5.622818694901351,17.44689991984734
2,8.481480286624723,7,3,0,0,1,0.7341070533617763,-2.085651910863575
2,7.637694474241138,15,4,0,1,1,2.716368294209958,2.6644577246094414
3,3.073120388706294,11,2,0,0,1,2.312682593798046,2.617978589357275
2,8.229852977507493,13,6,0,1,1,1.5306850722725707,4.922237081880198
2,8.494276621232657,9,0,1,1,2,0.15654530592507454,3.1911080263906726
2,8.020128251000232,10,1,1,1,2,1.6086417609666328,7.61197824306905
2,7.356803332458151,13,0,0,0,1,0.0,-2.5341768062599517
2,7.319870816855336,17,4,1,2,3,6.4550673872515985,14.433791948827537
1,4.28643179890688,13,1,0,1,1,0.3413038835001028,1.81500463231629
1,4.116188943530309,15,2,0,0,1,0.0,2.1674615612147488
3,3.5547426797235437,14,5,0,2,2,1.6225115739775449,2.1340914378327653
2,8.562521960854014,11,2,0,1,1,0.0,0.04815481296782309
2,7.993292106537596,11,1,0,2,2,1.8936870238604802,5.5753745089477995
1,3.869792621331074,13,0,0,2,2,0.0,2.7333944444539
2,7.904619769832726,7,1,0,2,2,3.0576549867692258,10.82487839178005
2,7.918600501683697,17,6,1,1,2,3.755925252068147,5.332987288109159
2,9.04799937511272,16,3,0,1,1,3.815896986693763,1.412689034705565
2,7.271431043540222,11,6,0,0,1,1.6957465789946848,-0.27002047992283096
2,7.804661198700402,12,1,0,1,1,0.0,-1.2967168272498526
3,4.352926340272282,11,2,0,1,1,1.636140186548972,5.019675665671672
2,8.224989170673274,16,1,0,1,1,0.0,0.14584978343426513
